snippet_id,snippet,coder1_climate_1or0,coder1_confidence_1to3,coder2_climate_1or0,coder2_confidence_1to3
S000,"As we mentioned in our Analyst Meeting we had to overcome a number of challenges during the construction phase such as very steep slopes, flooding and lack of infrastructure. Despite these challenges we are starting up several miles ahead of plan and delivering a project with one of the lowest costs per MTA relative to other LNG projects being built and in close proximity to the growing Asian market. This is also an excellent example of how ExxonMobil creates value through our leading project execution capabilities. In Malaysia we have started our production into the Damar gas field from the first two of a total 16 wells. The Damar field has a projected capacity of 200 million cubic feet of gas per day and follows the Telok gas development which began production in 2013. These projects provide additional gas supplies to help meet Malaysia’s power and industrial needs, promote the growth of the country’s natural gas industry and drive profitable volume growth for Exxon Mobil. The Hibernia Southern expansion in Canada a project that will deliver 170 million barrels of oil is progressing per plan and is now nearing completion. Installation of subsea infrastructure for the water injection facility has now been completed. Three of five platform production wells have been drilled and top side modifications to the Hibernia gravity-based structure platform are 97% completed. Start-up is expected later this quarter.",,,,
S001,"Also, during the quarter, we distributed $4 billion in cash to our shareholders in the form of shareholder distributions—share repurchases and dividends. Our repurchase of 42 million shares this quarter represented about 3% of our shares outstanding. In our earnings release this morning, we highlighted that in addition to creating value for our shareholders at ConocoPhillips, our activities also contribute substantially to job creation and economic growth. Slide 3 recaps some numbers associated with our activities for the first half of the year. During that period, the company spent $6.5 billion on operating expenses, which supported 30,000 jobs at ConocoPhillips, as well as jobs at our suppliers and contractors. A further $6.1 billion was invested in capital projects, which help create new energy supplies and fuel additional job creation. $7.7 billion was paid to local, state, and federal governments in the form of income, production, and severance taxes. Additionally, ConocoPhillips distributed $6.6 billion to a wide shareholder base, which includes numerous state and local pensions and investment funds, benefiting millions of individual U.S. investors and retirees. So let's turn to Slide 4 to discuss some details of our performance for the quarter. Our total company adjusted earnings were $3.4 billion, which is up about $950 million compared to the second quarter last year.",,,,
S002,"Our defense business, recently renamed Boeing Defense Space and Security, had a backlog of $65 billion. This business had several key wins in 2009, including the Intel satellite contract and key proprietary and services contracts. We also sold P-8s to India, Chinooks to Canada and Italy, and C-17s to the UAE. We have been pleased with the further international interest in C-17s, and the US Congressional support of this program. Fundamentally, this is a solid company with strong core businesses and significant growth potential but we continue to face a challenging market environment which I will now address on Slide 3. The global recession has clearly affected our airline customers in the form of reduced air traffic growth and resulting capacity reductions. While consumer sentiment appears to be improving, we believe it will take some time for economic indicators to rebound significantly. Despite the challenging environment, our commercial backlog is holding strong with over 3,300 firm orders. In 2009, DCA had 121 order cancellations and accommodated 271 aircraft deferrals. There were 57 deferrals in the fourth quarter, down from 84 in the third quarter, and the backlog of deferral requests has decreased.",,,,
S003,"Same-store sales at ExtraMile C-stores have grown 7.4% year-to-date, more than double the industry average. In the digital space, we made announcements on new mobile pay partnerships in the U.S. and went live with a pay app in Southeast Asia. These are important efforts to speed up and simplify the fuels retailing experience. In our Oronite additives business, we celebrated the groundbreaking for our blending and shipping project in China. This facility will help us serve the growing Chinese market when it's operational in 2021. Finally, in our lubricants business, we are co-developing a renewable biodegradable base oil with ultra-low viscosity and ultra-low volatility, important properties for OEMs as they develop engines to meet increasingly stringent fuel efficiency and environmental regulations. It's early days, but we're excited by the potential of this new product. As shown earlier, Chevron's downstream and chemicals has a track record of consistent financial performance. That said, in any one quarter refinery planned turnarounds impact our results. Through our recent investor engagements, we've heard your requests for improved guidance in this area.",,,,
S004,"You talked about the delta from last quarter and we should pull out the $300 million from the IAM. So, thinking about the $2 billion of headroom left to the peak of $25 billion, it sounds Greg like year-end is the time for that. Should we consider a curve perhaps incremental drop of about $1 billion maybe $650 million and $350 million declining like that to get to that target? Is that the right way to think about it or is it steeper or flatter? Yes. I mean just to point of clarity, Rob, not all the $300 million hits the 787 that was for all IAM members including folks that are on the 787 program, but I think as you think about deferred going forward, as I mentioned in my remarks, we've got some quarter-over-quarter some step down pricing that we have with our supply chain that’s already contracted and at the same time continuing to make progress on unit cost and productivity. I mentioned the progress that's been made up to now. And I'll tell you there's a lot obviously in work around ahead of improved flow, ahead of improved productivity and just like I think it will be, go back in time when we stabilized the rate on any program, that's where the team really has been able to capture productivity and that’s expected here. So quarter-over-quarter we are going to, as I said, we will see improvement coming of this quarter into second quarter and we still again expect to peak at about $25 billion. And then it will hold flat as I mentioned before relatively flat and then once we hi",,,,
S005,"In addition to taxes, product mix is expected to be unfavorable. The impact of dealer inventory declines in 2009 had a more significant negative impact on smaller, low-margin machines. As a result, production and sales of smaller machines will likely be proportionately higher in 2010. In addition, while total sales and revenues are expected to be up 10% to 25% in 2010, sales of relatively higher-margin turbines and large reciprocating engines are expected to decline. In addition, LIFO inventory decrement benefits in 2009 were $300 million and we’re not forecasting additional LIFO decrement benefits in 2010. R&D expense is expected to increase about 20%, primarily to support product development programs related to EPA Tier 4 emission requirements. Another unfavorable item is related to currency. In 2009, in the other income and expense line on the income statement, we had favorable currency impacts that we’re not expecting to repeat in 2010, and depreciation pension expense are also expected to increase. Finally, earnings per share are being impacted somewhat by a higher share count and this is the result of stock contributed to the pension plan in the second quarter of 2009 and some increase in dilution related to equity-based compensation. One final point about 2010 and that is, we expect improvements to ramp up as we progress through the year.",,,,
S006,"We are carefully evaluating these factors and ensuring that all scenarios are considered. Operator, we have time for one more analyst question. Thank you. Good morning. Good morning, Sheila. Just to elaborate on the global demand environment a little bit more, what are your thoughts on air traffic decelerating close to the 4% to 5% long-term rate? What are watch items there? And as it relates to that, how do you think about the service business and implication from the MAX to that segment? Thank you. Yes, Sheila, on the overall market, the fact that we've been operating at a 4.6% passenger traffic growth through May, is not surprising to us.",,,,
S007,"Hi, good morning, Henry. Hi, Dan. Just a clarification regarding upstream. Yes. Q2 versus Q1, and it related to two aspects. First U.S. realization seemed to be really light compared to Henry Hub benchmarks. Does that have to do with rocky differentials or things like that? And the second part is related to an earlier question, if you could give some color on the $620 million swing in other, related again from Q2 to Q1 in the upstream. Yes. In looking at the other impacts, there are several factors at play, all trending in the same direction during this period.",,,,
S008,"So we have to apply under ICAP to regulators to increase dividends and buy back stock. We already announced we had the permission to do $8 billion. It's quite obvious to us, we have a lot of extra capital and cash, not just in the next short run, but over the next several years, and we will apply for more as appropriate. I can't tell you exactly what they're going to do. Understood, understood. How about another swipe at capital from a different angle? If you think people are underestimating your ability to mitigate on the risk-weighted asset side, does that supercharge your capital ratio growth over the next couple of years? If you look at the G-SIFI buffer, I calculate you have about an $11 billion capital penalty relative to any given pure play of the businesses you own. Is there anything that can be done about that, whether it be a spin or shrinkage? I'm almost as frustrated as you about it, but curious to get your thoughts on what can be done about it.",,,,
S009,"In Guyana, it's delivering unprecedented success and value creation, reflected in the startup of the Prosperity FPSO last November, ahead of schedule and below cost. As with our two previous developments, this cost and schedule performance was industry-leading. The excellence in execution demonstrated in delivering a project continued into its operation. With Prosperity, we reached nameplate capacity of 220,000 barrels a day in January, just two months after startup and well ahead of the industry average of 15 months. Once our projects are up and running, we continually look for debottlenecking opportunities to increase production. All three FPSOs are now producing above their funding basis, helping to drive record gross production in the first quarter, all with an emissions intensity amongst the lowest in our upstream portfolio. Looking ahead, we're pleased that our sixth project, Whiptail, has now reached FID with a planned start-up by year-end 2027. It's remarkable to think that within eight years of first oil, Guyana will have a production capacity of more than 1.3 million barrels per day. Our work in Guyana is delivering tangible benefits for the Guyanese people. The development of Guyana's energy economy drove the highest real GDP growth in the world in 2022.",,,,
S010,"Today, we will hear from our CEO, followed by our CFO. After their remarks, we will open the call for questions from analysts. Thank you for joining us today. I'm excited to share our progress in Q3. We have achieved remarkable growth, driven by our innovative product pipeline and robust demand in key markets. Our focus on customer satisfaction and operational efficiency has positioned us well for future success. In terms of our financial performance, we reported revenue of $1.2 billion for the quarter, a 15% increase year-over-year. Our gross margins improved as a result of cost optimization efforts, and we remain committed to investing in our growth initiatives while maintaining a healthy balance sheet. Can you elaborate on the factors that contributed to your revenue growth in this quarter? Were there any specific regions or products that outperformed expectations?",,,,
S011,"Windows Phone 7 launched last week in Europe and Asia, and we eagerly anticipate the introduction in the U.S. on November 8. Now let me cover the remainder of the income statement. Cost of goods sold increased 10% to $3.1 billion, driven primarily by increased Xbox hardware volume and online costs. Operating expenses were $5.9 billion in the quarter, an increase of 6%. In the first quarter, we repurchased $4 billion of shares, returned $1.4 billion through dividends, and increased our dividend rate by 23%. So in summary, we're off to a great financial start for the year with 24% bookings growth. We've seen strong business spending across Windows, Server & Tools, and the Microsoft Business Division in both traditional and cloud offerings, and our cloud momentum continued, as did our consumer momentum. And with that, I'll hand it back to Peter, who's going to continue to discuss our business outlook. Great. Thanks, Bill.",,,,
S012,"And as a result of our strategic sale of Opel/Vauxhall, we were able to reduce our cash target by $2 billion. This is reflected in our year-end cash balance, which is $2 billion lower than the 2016 year-end cash balance. Now, I want to share more details on our 2018 outlook. As we outlined last month, we expect to deliver full year 2018 EPS diluted adjusted in the mid-$6 range. We expect core EBIT-adjusted and core automotive adjusted free cash flow to be largely in line with core business performance in 2017. Core results consist of all operations excluding our autonomous vehicle operations, including Cruise Automation, Maven, and our investment in Lyft. Core automotive free cash flow will likely remain flat in 2018 as GM North American production levels and ending dealer inventory are expected to be relatively flat. Capital spending, as I said last month, will be about $8.5 billion for 2018, and we expect our annual run rate to decline as we get past our next-generation truck launch. Looking at 2018 cadence, we expect Q1 and Q4 to be the weakest quarters driven by typical seasonality, as well as our retooling downtime related to our new full-size pickup trucks. We expect Q2 and Q3 to be the strongest.",,,,
S013,"We're pleased with this balanced compromise, resolved several outstanding issues including the remand of the 2017 and 2019 rate cases and the pending 2019 rate cases. It also provides greater clarity and recovery of coal ash costs incurred through early 2013 and preserves our ability to earn an equity return on deferred coal ash costs. This settlement complements the previous settlement reached in the summer of 2020 on ROE and capital structure, and again demonstrates our commitment to working collaboratively with stakeholders in our jurisdiction. We look forward to the Commission's order addressing these settlements and the remaining issues in the case. We also developed innovative IRPs in the Carolinas outlining comprehensive proposals and offering six portfolios to meet key carbon reduction milestones over the next 15 years. And for the past year, we've been working with stakeholder groups to help shape North Carolina's clean energy plan with a common goal of reaching net-zero carbon in a way that best serves our customers. This complements the efforts underway on regulatory reform and introducing more efficient cost recovery mechanisms. Shifting to Florida, we worked with business and consumer groups, including the Office of Public Counsel, to propose a new three-year settlement giving our investors and customers clear visibility for 2024. The settlement includes multi-year-based rate increases to recover significant investments in the grid, solar generation, and electric",,,,
S014,"Our current outlook for loading the first LNG cargo is early 2016. We are continuing to make good progress on Trains 2 and 3, with all Train 2 and nine of 13 Train 3 modules installed and hookups underway. At Wheatstone, all sub-C infrastructure and over 100 kilometers of flowlines have been installed. Hookup and commissioning of the offshore platform continues on plan. All nine wells are drilled with the top of the reservoir, with four of nine wells now completed and sub-C trees installed. At the plant, 17 of the 24 modules required for first LNG have been delivered, and all refrigeration compressors and gas turbine generators have been installed. Installation of all pipe racks and electrical switchgear buildings on the product loading facility is now complete, as is the start-up of the power systems in the plant operations center. We're still targeting the first LNG cargo by year-end 2016; however, we continue to work to mitigate Wheatstone schedule pressures from previous delays in module delivery. We've posted some new pictures today, and I encourage you to look at them on our investor website at Chevron.com. Turn to slide 11.",,,,
S015,"In the quarter, GM China maintained strong equity income and margins, despite pricing pressures and a 5% sales decline in the quarter, partially due to an increased purchase tax. Record March retail sales by GM and its joint ventures were up 16% year over year and helped temper the slow start to the year. GM China launched four models in the quarter, the Chevrolet Cruze hatchback, the Chevrolet Camaro, the Baojun 510 SUV, and a new variant of the Buick GL8 MPV. Baojun and Cadillac achieved Q1 records, with deliveries up 25% and 90% year over year respectively. Half of the 18 new and refreshed models that we introduce in China this year will be in the higher margin SUV, MPV, and luxury segments. GM continues to expand its electrification portfolio in China with plans to introduce more than 10 new energy vehicles between 2016 and 2020, including hybrid electric vehicles, plug-in hybrid electric vehicles, and battery electric vehicles. GM in China launched the Cadillac CT6 PHEV late last year and last week launched the Buick Velite 5 extended-range EV. In addition, Buick will introduce, at least, one all-new locally produced battery electric vehicle model before the end of the decade. In South America, we expect significant year-over-year improvement in 2017, despite initial industry weakness. Chevrolet continued its 16 years of leadership in the region with sales growth of nearly 11%, outpacing the industry and market share of 15.7%.",,,,
S016,"If you annualize that, it shows a starting point that is significantly above current consensus and what we’ve experienced this year. In short, changes in Markets net interest income usually do not impact the bottom line and are balanced out in net interest revenue. I'm trying to assist you in refining your models, so it's important to consider that starting point, the number of cuts in the curve, and the sensitivity of that figure to liabilities historically. Feel free to draw your own insights about what that might imply. Ultimately, this shouldn’t alter your overall revenue expectations; it's more about categorizing it on the balance sheet and income statement. However, I wanted to make this point to help you clean up your models. And so Daniel's comments in September were on NII in total or NII ex-Markets, could you... Those were core NII or NII ex. So again, reiterating at the time, the '24 consensus was $91.5 billion, the '25 consensus was $90 billion on NII ex. And our point was that, that number, which remains an asset-sensitive number, indicated an insufficient amount of sequential decline year-on-year. The current consensus as we see it for NII ex-Markets is $87 billion.",,,,
S017,"SLS rocket hot fire testing was successfully completed for NASA. We also inducted our first EA-18G Growler for modifications. We're managing the effects of COVID-19 on our programs as well, addressing challenges such as quarantine-related employee clearance constraints in the VC-25B program. As we meet these milestones, we remain committed to sustainability. We're enhancing our sustainability disclosures and plan to release our first global equity, diversity, and inclusion report as well as our first integrated sustainability report this year. We proudly announce our recognition as an ENERGY STAR Partner of the Year for sustained excellence in energy conservation practices for the eleventh consecutive year. Now let's discuss the broader industry environment. Our government services, defense, and space operations are showing stability. Increased spending on COVID-19 responses is pressuring defense budgets in some countries, while others are boosting security spending. The global defense market remains strong, supported by solid orders totaling $7 billion.",,,,
S018,"We expect to see this shift starting in the second half of the year, highlighted by the introduction of the new EcoSport, which is vital for South America. This marks a significant change from our past reliance on legacy platforms to the adoption of global platforms. By the mid-decade, we plan to introduce 16 new products, 15 of which will be based on global platforms. This transition indicates what to expect in the market, and we believe that the second half of 2012 will show improvement over the first half due to these new product launches. I might just add also that in the fourth quarter specifically, nearly 50% of that deterioration was exchange. And just one more comment, building on what Lewis shared, is as we introduce our new ONE Ford global platforms, we're going to be increasing our market coverage from 67% up to nearly 82% with our new family of vehicles. So we have some real opportunities to serve new market segments going forward also with products that are going to have a lot more value and a lot more competitiveness. I also mentioned EcoSport for the second half. We're very excited about Ranger because it will be significant globally and will launch in South America during the second half of this year. Okay.",,,,
S019,"We would make an adjustment there from when we know exactly what assets are moving out of the portfolio. And we're not ready to give you a number yet because we don't know exactly which of the mix of assets that we have on the market are actually going to achieve an acceptable price. We will give you some more indication of where that's heading hopefully in December but it's too early for us to do that now. And that's one of the reasons we really don't talk about the dispositions until they close. Because you can't know exactly which of the assets that are being considered for sale are actually achieving the price that they need to make it acceptable for us to sell them. Okay and then so I can see how the production and cash flow moving parts move around with these sort of long-lived assets coming in which lower decline rates, plus obviously some short cycle production which you can attack both in conventional and also in Shale. But obviously reserve replacement is also something that people focus. I don't know if you've done any long range work as to if you're spending $8 billion at the low end as the CapEx drops out what reserve replacement looks like say 2017 onwards or what are the big sources that you can actually replace reserves at that point? We have this 44 billion barrel resource base that we've described in some length in April. The 18 billion of that has less than a $60 cost of supply, so there are lots of sources to continue to convert that resource base into res",,,,
S020,"And so we look at that O&M a bit differently and really try to give you a sense of margin and other things that we see in those businesses. Got it, okay. One other question just in terms of thinking about PJM coming up in the next couple of weeks, assuming the auction results are actually released in the next couple of weeks. When you guys look at the market just in general, do you still have the view that coal plants are needed at peak in PJM? And if so, is it entirely just scrubbed coal plants? Or even — does PJM still need some of the unscrubbed coal plants at the peak? Michael, it's my judgment that in PJM, they still need all the scrubbed plants and some of the unscrubbed plants at peak period. So when you think about market fundamentals or kind of what's normal or long term, either an unscrubbed coal plant, whether its energy or capacity, needs to set the clearing price or some other asset replacing that plant needs to. I think that's right. I think, historically — and let me see if I remember — I think it's about 85% on gas is on the margin in PJM.",,,,
S021,"And then related to that, in E&T, you had mentioned earlier that you expect your order trends across oil and gas for well-resourcing to improve in the second half. Have you seen any of that improvement yet so far, or is that still in the comments? Again, gas compression has remained strong and steady. We haven’t seen a pickup in order rates for well servicing and the reset portion of oil and gas yet. But again, we expect that to come. Another part of our oil and gas business is, of course, Solar Turbines, and that business has remained steady. We’re seeing a pickup there in international orders, which are typically tied more to the big CapEx projects, and there will be oil prices. So that business is starting to pick up. Thank you. Our next question today is from Larry De Maria at William Blair.",,,,
S022,"As you've heard me say, our intention is to match this exciting long-term vision for Ford with predictably boring execution quarter after quarter, year after year. And that's the biggest takeaway from our second quarter: strong growth, strong earnings, cash flow, and progress on the fundamentals of our business, including software. We are very bullish on the potential for Ford Pro, which had an outstanding quarter. It's unique to Ford. It's a true powerhouse. At the same time, Ford Blue is taking advantage of fresh, appealing products to generate healthy revenues, share, and profits, while Model E continues to scale with popular first-generation electric vehicles. We're going to dive more into the electric vehicle market during Q&A. But clearly, this transition to EVs is dynamic and so much more than just a change in propulsion. The number of global entrants is increasing, even at the high end and pricing pressure has dramatically increased in the past 60 days. Despite these puts and takes, we have confidence in the underlying trajectory of Ford's business.",,,,
S023,"What are you thinking in terms of how you differentiate your cash return? I think the expression that was used was how do you differentiate that? I'm thinking specifically about the prospect of a variable distribution, particularly in times when oil prices are elevated relative to what the market might think is sustainable. If you could share any thoughts on how you manage your own objectives there, I would appreciate it, and I have a follow-up. Doug, this is Don. Let me take that one. Yes, we're trying to distinguish ourselves with our return of capital to shareholders. You saw the figures for the second quarter, and if you look at our $1.4 billion dividend and $3.5 billion of planned buybacks this year, that's $4.9 billion and let's just say you see maybe something around $12 billion of cash from operations, creating a return of approximately 40% cash return to shareholders for the year. We're trying to compete with the best capital returners in the business and certainly distinguish ourselves from other E&P companies out there. You mentioned variable dividends, and I would just say that we're always considering the best ways to return capital to shareholders, and we talk with the investment community to get feedback on their thoughts.",,,,
S024,"We work closely with our bottling partners and went bigger with in-store displays to inspire transactions around key events like NCAA March Madness in the U.S., and we'll do this again later this summer with the Olympic and Paralympic Games. As a system to improve quality availability, we increased outlets by 2%, added more than 600,000 cooler doors, and increased our share of cold space and overall shelf space in stores. We benefited from global scale while maintaining local relevance by tying our brands to regional meals occasions. For example, in Japan, we've associated Coke with Wagyu and Yakiniku through the path to purchase, using end-to-end consumer messaging and partnering with key customers in the modern trade and convenience retail. We have seen strong Coca-Cola revenue growth in Japan. While we continue to grow our business, we also strive to positively impact the communities we serve. We do this by focusing on the issues that matter most to our system, and we share our status and learnings each year when we publish our business' sustainability report. Putting it all together, it's early in the year, but we're off to a good start. We have confidence we will achieve our guidance for the year. Thank you, James, and good morning, everyone.",,,,
S025,"Earlier this month, first LNG production was achieved from Mozambique's Coral South floating LNG development, contributing new supply amid growing demand for LNG globally. We continue to expect total upstream production of 3.7 million oil equivalent barrels per day for the year. Looking longer term, we remain on track to grow low-cost production and meet our 2027 plan, with more than 90% of our Upstream investments generating over 10% returns at $35 per barrel. Our ability to increase production while reducing costs improves our competitive position, benefits consumers, and generates capital to fund meaningful investments, demonstrated by one of our recent press releases, announcing that our low carbon solutions business signed its first and the largest of its kind customer contract to capture and store up to 2 million metric tons per year of CO2. This marks an important milestone in developing our newest business. It's also a good example of how we're supporting other companies in reducing their greenhouse gas emissions. We look forward to sharing more about our progress in developing attractive low-carbon solutions business in December as part of our corporate plan discussions. We continue to actively manage our portfolio, announcing the sale of our interest in the Aera oil production operations in California and our refinery in Billings, Montana. Proceeds from divestments completed year-to-date totaled $4 billion as we captured incremental value for these noncore assets in",,,,
S026,"Second, it allows us to advance our financial strategy of returning capital to shareholders. Overall we remain optimistic about our ability to innovate, to generate growth, and as a result of those, to create long-term shareholder value. That wraps up my financial comments. I'd like to hand the call over to Colleen so we can get started with your questions. Thanks, Chris. Let's now proceed to questions. We want to accommodate questions from as many people as possible, so please avoid multi-part questions and limit yourself to just one question. Operator, will you please repeat your instructions? (Operator Instructions) Your first question comes from Heather Bellini - UBS. Hi, thank you.",,,,
S027,"The range also includes a reduction in channel inventory for Windows non-Pro opening price point PCs. Within consumer Office, we expect to see similar trends to Q2, and in our IP licensing business, we expect lower per-unit royalties with the changing mix of devices filled by our licensees. In computing and gaming, we expect revenue to be $1.5 billion to $1.7 billion. This range reflects normal seasonality coming out of the holidays for our Xbox and Surface businesses. In phone hardware, we expect revenue to be $1.4 billion to $1.5 billion. This range anticipates accelerating year-over-year growth in Lumia units driven by our affordable smartphone devices. We also expect both volumes and ASPs of non-Lumia devices to continue to decline in Q3. With this lower aggregate revenue base, we expect gross margins, which include non-cash amortization, to be lower for the next couple of quarters. In devices and consumer other, we expect revenue to be about $2 billion, reflecting continued progress in key areas like Office 365 Home and Personal, Xbox Live, and Search. In our commercial business, we expect our significant momentum in annuity and commercial cloud services to continue.",,,,
S028,"It does sound like there's potential for a need or maybe a desire from Cerberus to commit more capital to ResCap. But given that business is ring-fenced and any mishaps at ResCap wouldn't necessarily directly impact the auto financing business. What's your resolve in potentially committing more capital to GMAC and ResCap, specifically, outside of GMAC really from your balance sheet directly? Well, a couple of things. First, reflecting back on the GMAC earnings release last week, GMAC itself actually did make an equity injection into ResCap during the third quarter. What the shareholders did, we actually disclosed this in GMAC's earnings results as well as subsequent to the close, but prior to the release the shareholders agreed to capitalize a portion of the preferred that was outstanding. In other words, we and Cerberus agreed to capitalize a pro rata portion of our preferred stock into GMAC. We've not made nor do we plan to make any injections directly into ResCap, obviously. We're a shareholder of GMAC, and so far, our approach has been, with Cerberus, to capitalize a portion of our preferred. And then, we obviously have an interest in making sure that GMAC stays well capitalized and it continues to do a good job supporting the sale of GM cars and trucks.",,,,
S029,"Yeah, Jason, thanks for those questions. Let me first start with the unconventional; as I said, really good progress, I gave a lot of detail about it, very proud of what the XTO organization is achieving up there. Let me say that these near-term price fluctuations are not going to have an impact on our operational activities. We test all of our investments across a range of economic parameters, including price. I’ll just say at a high level that our current drilling programs and inventory are fairly robust in this price environment. So, we’re very confident with the drilling activity, as I indicated, and we are picking up rigs so that we can continue to progress our resource development activities. This is a very significant part of our growth opportunities and importantly our improvement in overall profitability. More specifically on the master limited partnership question, I talked a little bit already about our asset management program, which is a fundamental aspect of how we do our business. We have, through the course of that process, really divested or monetized all of our non-strategic assets. We’ve been doing a lot of work you’re hearing some folks do today.",,,,
S030,"Xbox continued its evolution as an entertainment platform and has solidified its place in the living room. With the help of Kinect and Bing, discovering and accessing content has never been easier. And with the recently announced Xbox SmartGlass, we look to make entertainment smarter, more interactive and more fun. Moving to the Online Services Division, we continue to grow share, increase revenue per search and improve operating performance. Despite this progress, our expectations for future growth and profitability are now lower than we previously expected. As we announced earlier this month, we took a write-down on the goodwill that arose mainly from the aQuantive acquisition. We continue to believe that search is a strategic asset for Microsoft and are prioritizing our resources into the areas we believe drive the most business value. With Windows 8 and Windows Phone 8, we see a great opportunity to benefit from the trend towards smart mobile devices. We feel that we are uniquely positioned to address the security and manageability challenges that CIOs are dealing with today as a result of this trend. And for users, we offer compelling experiences across devices with data and services that are connected seamlessly via the cloud.",,,,
S031,"Natural gas realizations increased 2% between quarters. Higher lifting, particularly in Kazakhstan and Indonesia, increased earnings nearly $400 million. Operating expenses decreased earnings by $120 million. About half of that total was due to a new Indonesian agreement, where we sell oil and purchase natural gas. Previously, we had handled this through a volume exchange. With the new arrangement, the natural gas purchased shows up in operating expense, with an identical offset in liftings from the oil sale, there is no bottom line earnings impact and no impact on production. As a result of this new agreement, we expect the 2011 full-year increase in reported operating expense to be approximately $1 billion. Moving to the next bar, a favorable change in foreign currency effects benefited earnings by $190 million. The fourth quarter had a small loss of about $50 million compared to a $250 million loss in the third quarter. These foreign exchange impacts have no direct effect on cash.",,,,
S032,"And then last question on Bohai Bay. Do you guys have to reserve some sort of environmental sort of cost for this whole cleanup? Or is that kind of what we're seeing in your one-time costs that you flowed through in the third quarter? We experienced a $40 million income impact in the third quarter, which you can find detailed in our supplemental information. There will be some carryover of this impact into the fourth quarter, although it will be smaller than in the previous quarter. We have publicly announced our intention to establish a couple of funds to address any environmental claims, and we are currently in discussions with the authorities in China regarding the setup and management of these funds. Our final question comes from Mark Gilman from The Benchmark Company. Guys, I just want to go back to the Seaway issue again. In terms of your thoughts regarding potential divestiture, have you backed away from the idea that you need that line running in its current direction in order to supply very specific crude requirements in Ponca City? We think we have found other methods to supply Ponca City, which are more expensive than using the Seaway pipeline to do that.",,,,
S033,"And the last couple years of litigation, a lot of it related to mortgages. Not all of it, but a lot of it. And then on the buybacks, the first quarter is usually a big issuance quarter for you on shares? But knowing you have approval for $3 billion of gross repurchases, do you expect to have a net reduction in your share count by the end of the first quarter? I understand your point. If we buy back $3 billion worth of shares, what we issue will amortize over time. I expect there will be a slight decrease in the first quarter. When restricted stock is issued, it doesn't immediately affect the fully diluted share count; it is included as it amortizes. Keep in mind that this process generally spans three years. For 2012, your share count didn’t go down.",,,,
S034,"I'll start with a quick review of the full year numbers. Sales and revenues were $51.3 billion, that’s a $6.4 billion or 14% increase from 2007, and profit per share was $5.66, up 5%. Of that $6.4 billion increase in sales and revenues, machinery volume was up $2.4 billion and was concentrated in the emerging market regions of Asia, Latin America, Africa, the Middle East, and the CIS. And of that machinery volume increase, $261 million was related to the consolidation of Cat Japan in the fourth quarter. Engine volume for the year was up $1.7 billion and it increased in all regions. For the company in total, engine sales increased in all major industries: that’s oil and gas, electric power, marine, industrial, and even on-highway, which was coming off very low volumes in 2007. Price realization for the year was $1.352 billion and was up for both machinery and engines in all four geographic regions. Price realization on machinery was $541 million and it was $811 million for engines. Currency had a $653 million positive impact on sales. Given that the dollar has strengthened quite a bit over the course of the year, particularly against European currencies, you may be wondering how we are still talking about a weaker dollar versus last year.",,,,
S035,"And on buybacks, how will you think about approaching buybacks and putting it in that mix of capital decisions that you have and any thoughts on kind of the size or quantifying the potential buybacks? Yes, sure. So sort of in the mode of like helping you guys out to put a number in the model. If you sort of look at the way we are seeing things, obviously, we have got another GSIB stuff coming next year. So say, 13.5% target and the sort of using your estimates, organic capital generation, minus dividends, etcetera and all of the elements of uncertainty there, I think a good number to use is something like $12 billion of buybacks for this year for 2023. But you know, of course, that buybacks are always at the end of our capital hierarchy. So if we have better uses for the money, those will come first and the timing and the conditions of how much we do when is entirely at our discretion and also noting that we are potentially going to see a Basel III NPR sometime in the first quarter or maybe the second quarter. While that will be an NPR and it will only cover part of the surface area and it won’t be final, so it’s unlikely that it meaningfully shapes short-term decision-making. There will be some information content of that release that could shape our decisions as well. Got it.",,,,
S036,"I had a couple of questions. First, looks like the adjusted free cash flow with the adjustments you're making would have put this year's free cash flow at $5.5 billion to $6 billion if it wasn't for the strike. And it appears that you've got another $1 billion to $1.5 billion of savings for next year. The original number was closer to $2 billion, and it sounds like the variance there was Hamtramck. So, what's evolved in your thinking on Hamtramck since earlier in the year? So when we made the transformation announcement last year, although we had a battery electric truck in our plan, as we continue to evolve that and looked at the full range of what we can do there to really maintain our truck leadership position and grow that into battery electric trucks, we look at Detroit-Hamtramck as a great opportunity, and with our new labor agreement, we think this is a good investment that positions us well to lead in battery electric trucks as well as internal combustion trucks. And so, that is that portfolio as we further planned it became clear that we can be more efficient doing that work there. North America and GM Financial looked like they were very strong this quarter. Obviously, there are unusual items that affect both of those right now. Could you just talk a little bit about those, aside from just the things like launch, but did you make any adjustments to pre-existing warranties in North America?",,,,
S037,"First, on the recall, 7 million units obviously creates an enormous amount of showroom traffic and an opportunity to convert that traffic into new sales. So could you outline, perhaps, how successful have you been so far in getting folks coming in and holding the hand and obviously helping them with a real issue, but also perhaps helping to convert a sale in the process? The second is, following the expiry of the NOL rights program under Section 382, could you confirm whether General Motors has any more poison-pill type of mechanisms in place that could be used as defense in case of any stake pulling? Or is there no such thing at this point? Thank you. Adam, I think the first question as it relates to the 7 million unit recall—and actually it’s 6 million actual vehicles—but when we look at the total amount of issues that were recalled, we do see that as a huge opportunity. It’s a little too early; we’re in the early days. Just a couple of weeks ago, we started having part kits coming so we can do repairs. Our dealers are well-positioned to do that; we’ve had excellent dealer communications and have really reworked our processes to be very responsive to the customer in that we’re shipping part kits directly to dealers to make sure that we get to those customers. We don’t want one dealer to have excess cars and another waiting for cars.",,,,
S038,"When you look at our ICE business and the platforms we invested in over the last 5 years, we're well positioned and that's what puts us in a place where we can be investing more in EV and AV than we are in ICE. And so we're going to leverage the platforms that we already have. The strong franchises in full-size trucks, full-size SUVs, midsize crossovers, and I'm also super excited about products like the Chevrolet Trailblazer and the Encore. So we have a really strong portfolio of products as we make this transition that's going to need limited investment. And then we're demonstrating right now, we also have a very capable manufacturing team, manufacturing workforce. We're transitioning the Detroit-Hamtramck plant right now, Factory ZERO, to build electric vehicles. We've also announced Spring Hill. So we have a very well thought through plan of how we will transition our manufacturing facilities to electric vehicles. We can do it in a pretty short time frame. And with the shorter vehicle development process we have for EVs, those 2 go hand-in-hand.",,,,
S039,"And we're not going to comment on all the other underlying things. I think one of the things you've got to remember - you know there are, we've known, there are issues in the mortgage business. But for the most part by the time you get to the end of the process we're not evicting people who deserve to stay in their house. Your next question comes from the line of James Mitchell with Buckingham Research. Maybe just a quick follow up on Basel, and more the impact from a competitive standpoint. You alluded to this at the conference, Jamie, but we've done some work and dug into it and it really seems to be a big difference between on the market risk calculation between the European banks and the U.S. banks, and you can see that in the leverage difference. If the incremental returns of the foreign banks - if that persists and the incremental returns of the foreign banks on, say, fixed income trading is much higher, can they undercut you? Is there a competitive issue here? Or how do you think about the risk-weighting calculations and sort of normalizing the amount of - Let me make a couple of - First of all, it's been this way for a long time, and it didn't undercut us. Number two, the regulators have said that they're going to try to make sure that they understand that these things may not have been equally applied in jurisdictions around the world.",,,,
S040,"A key driver in both segments will be the rate of retirements of older fleets. We expect our customers to look at their fleet planning strategies differently in light of these dynamics. More than 2,500 aircraft with 20-plus years of service were in active service prior to the crisis. Replacements will not be uniform as airlines will focus on the oldest and least efficient to retire. Some airlines have already made announcements to this effect. Airplanes that we plan to deliver this year will be 25% to 40% more fuel efficient than airplanes that they’re replacing. Our position is helped by the value proposition of our family of airplanes and the diversity of our backlog. This includes our market-leading 787 Dreamliner family, our unmatched cargo lineup, the world’s largest and most efficient twin-engine jet 777X, and the versatile 737 family. To balance the supply and demand given the COVID-19 shock and to preserve our long-term potential and competitiveness, we have decided to reduce the production rates of several of our commercial airplane programs. Let’s turn to Slide 4.",,,,
S041,"So, linked quarter, reported down 2 basis points because of lower markets NII and higher market assets, $20 billion; core up 8 basis points. Okay. That’s helpful. And then, just separately within CIB, the net charge-offs went up. Is that just some of the cleanup in energy? I know, you mentioned that there was a reserve release related to energy, but you had a little blip in the charge-offs there and I just wanted to get some color on that. So, in CIB, the charge-offs were driven by two names and the principal one was the remaining piece of the Steinhoff loan we sold this quarter. We had a reserve release against it that was larger. Thank you. Just a follow-up, Marianne.",,,,
S042,"Great. Thanks, Mark. Operator, we'll have time for one final question, please. Thank you. And our last question comes from the line of Ross MacMillan with RBC Capital Markets. Please proceed. Thanks so much for squeezing me in and congrats on the quarter. Amy, I just had a couple. The first one, just your comment that the consumer Office business you're seeing, basically the subscription revenue now being larger than the offset, if you will, the license side, where do we stand with regard to that on the commercial side of the Office transition? The way to think about that how is I look at – well, the way I would generally say it is you look at each of the KPIs we give.",,,,
S043,"Our segment-adjusted earnings are roughly in line with expectations... Thanks, Don. I'll provide a brief update on each of our operating segments and then we can move on to your questions. I'll start with the Lower 48 and Canada segments on slide 12. In the Lower 48, our production in the first quarter was 491,000 barrels of oil equivalent per day. That's down 15,000 barrels per day, or 3%, compared to our first quarter production last year, once you adjust for asset sales. The reduction is primarily due to our reduced rig count last year, which is impacting our production this year... Good afternoon, guys. Let me start off with a macro question. On the last call you talked about potentially adding rigs into 2017 in the lower 48. I know it's a complicated formula, but is there a threshold commodity price that you need to see to add in 2017, given spending and deleveraging objectives?",,,,
S044,"Asset & Wealth Management reported net income of $1.2 billion, with pretax margin of 36%. For the quarter, revenue of $4.5 billion was up 6% year-on-year, predominantly driven by deposits and loans on higher margins and balances, largely offset by reductions in management fees linked to this year’s market declines. Expenses of $3 billion were up 10% year-on-year, driven by compensation, including investments in our private banking advisory teams, technology and asset management initiatives. For the quarter, net long-term inflows were $12 billion across fixed income, equities and alternatives. AUM of $2.6 trillion and overall client assets of $3.8 trillion were down 13% and 7% year-on-year, respectively, driven by lower market levels, partially offset by continued net inflows. And finally, loans were flat quarter-on-quarter, while deposits were down 6% sequentially, driven by migration to investments, partially offset by client flows. Turning to Corporate on page 8. Corporate reported a net loss of $294 million. Revenue was a net loss of $302 million compared to a net loss of $1.3 billion last year. NII was $792 million, up $1.8 billion year-on-year, driven by the impact of higher rates.",,,,
S045,"It also accounts for the rigorous scrutiny that regulatory authorities are rightly applying at every step of their review of the 737 MAX's flight control system and the Joint Operations Evaluation Board process, which determines pilot training requirements. It is important to emphasize that this estimate should not be interpreted as an attempt to influence or interfere with the FAA and other regulators' absolute authority to determine the timing and conditions of return to service. Very simply, accurate financial reporting requires that we provide our latest and most informed schedule. Similarly, our supply chain, in the name of transparency, requires a schedule to perform up to its standard. Moving on to rebuilding trust, which I briefly touched on earlier. We recognize that many of our stakeholders are rightly disappointed in us, and it's our job to repair these vital relationships. We'll do so through a commitment to transparency in everything we do and by meeting or exceeding expectations. We will listen, we will seek feedback and respond appropriately, urgently and respectfully. Our culture is centered around strong shared value, safety, quality and integrity. Every day, we will recommit to these and foster an inclusive environment that embraces oversight and accountability and puts these three core principles above all else.",,,,
S046,"Thanks for the question. So what that development or that project in Rotterdam leverages is the catalysis and the technology we have, the advantages that we have in catalysis. And so that’s a unique application based on our understanding and our ability to develop unique value-added catalysts. Opportunities like that exist across the portfolio. Obviously, it may involve different catalysts but we’ve talked about our Singapore project where we’re looking at upgrading heavy residue molecules. That would also look to leverage some of this technology and use some of this proprietary catalyst to make that conversion from a very low heavy, low value residue into higher value products, diesel and loose base stocks. So there is broader application. Obviously, it depends on the nature of the molecules that you’re trying to upgrade. But we feel – and that’s one of the reasons why we’ve challenged ourselves. For a long time we weren’t investing in the downstream because – and I can say this with a lot of intimacy because I was involved in it at the time, we weren’t going to put in kind of a bog standard industry technology and get industry returns.",,,,
S047,"Sure, I understand. That's good color. On the $1 billion debt issuance, that price is around 7%, is that right? 7%, right. Okay. If I think about priorities for use of cash, you mentioned the 714 due in '09. 7% is not bad, particularly in this market. I mean, how would you think about sort of reloading again to take up the 714 in order to keep powder dry for acquisitions or other opportunities? I don't know. I just don't know.",,,,
S048,"We continue to make it easy for customers to have more predictable maintenance costs through customer value agreements, or CVAs. During the past quarter, we released our first Diversity and Inclusion Report. The report describes our journey to build a more globally diverse workforce and inclusive environment to support our employees and the communities where we live and work. We value diverse perspectives and strive to ensure our global team reflects the many communities and customers we serve around the world. We're currently preparing our 2020 Sustainability Report, which will highlight progress against our 2020 goals and introduce new sustainability goals. We're committed to contributing to a reduced carbon future by continuing to reduce Caterpillar's greenhouse gas emissions and helping customers achieve their climate-related objectives. In summary, I'm pleased with our strong start to the year and proud of the performance by our global team. With that, I'll turn the call over to Andrew. Thank you, Jim, and good morning, everyone. I will start out with an overview of our first quarter results.",,,,
S049,"Hi. This is Samik on behalf of Ryan Brinkman. I have two questions. The first one is on China. You had, I mean, pretty strong margins there. But what we are also seeing is the regulators push that market towards investing and launching new energy vehicles. So I just wanted to check with you how you're positioning your product portfolio for these incentives that are available on new energy vehicles going on a continuing basis. And also if you have any view on the extension of incentives on smaller engine vehicles in China in 2017. Well, from a new energy vehicle perspective, we already have vehicles into the marketplace. And we have a launch cadence that we plan on putting out that will continue to expand on that.",,,,
S050,"Just to expand a little bit on that Greg on the 777 program margin given what’s going on there with the transition. Yes. Now, Jim you said that you expected to sell that bridge out over the next couple of years, but obviously there are price considerations associated with that, non-recurring costs associated with that and then on the other side partnering for success and productivity, you guys had a – it seems to be the right assumptions for the 737 transition. And in your comment, in your response to Joe’s question you implied that you are appropriately protecting to those items and you think that the 777 margin can be maintained and expanded or is there some risk there due to the items I mentioned? Well, I think the big picture here is that a fewer stronger customer franchises out there than the 777 franchise. And there are customers who have invested heavily in this airplane, who are beginning to order the new airplane out in the future. And the reason is it represents incredible productivity versus almost any alternative and whereas we were building a bridge on the 37 in competition with an airplane that was somewhat comparable depending upon who is making the argument. With the 777, we are building a bridge with a franchise that is pretty singular in its strength. And so we do anticipate an ability with these customers who are driving the productivity associated with it and the performance associated with it. We anticipate being able to build that bridge over the next nu",,,,
S051,"My question is about Office. As we near the release, I was hoping you could talk to us about how you’re thinking about what the impact should be, what you think about with respect to the average selling price opportunity on Office? And in particular also, you mentioned transactional revenue for the next quarter. Should we assume that transactional revenue continues to accelerate as we get deeper into the Office cycle? Thanks. Yeah. Let me get your last question first. Certainly as we’ve said, we expect the largest part of the impact from the launch actually to happen in fiscal year 2011. So typically what you’d see, since we’re launching it in the May, June timeframe, typically what you’d see is several quarters after that the impact of that. So you should see that in the first half of fiscal year 2011.",,,,
S052,"Just on the FICC line you mentioned that it was a little bit better in the last part of June and then you went on to say that the outlook is for current environment to persist. So I just wanted to ask a little bit about which environment, you are talking about just the overall quarter, because the quarter ends up being a little bit better than expected right in the mid part of the quarter. Are you suggesting that the end of June activity is likely to keep a positive tone to what's you are expecting in third quarter? Thank you for the question. Because I want to make sure I am very clear. So in June we did see an uptick in activity in terms of client activity but volatility stayed very, very low and there was no specific catalyst for it, no catalyst that would lead us to believe that was necessarily going to continue and as we have moved into July it so far has been our experience that that has not continued at that level. So our guidance for the second half is that the kind of decline we have seen in markets will persist over the second half. Now we are not guiding to a specific number because as you very well know it is hard to forecast but that is the environment we are planning for. In forecast, it's our operating assumption that it is going to stay at low levels for a while. We know we are going to be wrong in that but you will have to pick whatever you think.",,,,
S053,"Your question please? Hi, my first question was on some of your other potential international project sanctions. I wanted to get a little bit of an update on the Gulf of Mexico projects, where you are at in terms of the appraisals and potential development. So the ones I was thinking of were the Anchor projects, the Tigris project, and Sicily. So on Anchor, we're still in the appraisal process; we feel positive about it but we're still in the appraisal process there. On the Tigris, there are multiple fields that are involved here; appraisal drilling has been completed and we have filed for a suspension of production here. Officially, we've allowed two leases to elapse. Okay, thank you. And then I had a question for Bruce on the Permian. Again, thank you for the useful slides that you've put out.",,,,
S054,"And third, we develop them efficiently. We have simplified the powertrain lineups where we're using 60% of the power and reduce build combination by 80% to 90%. Now, let's look at EVs. Our commitment to an all-EV future is as strong as ever, and we continue to plan to have annual EV capacity of 1 million units in North America as we exit 2025. This will allow us to participate in the EV market upside, but we are also scaling in a way that's consistent with the operating discipline I mentioned. Over the course of 2023, our battery cell manufacturing joint venture in Ohio has made tremendous progress. The plant will be running at full capacity next month, as planned, and they are targeting the production of 36 million cells this year. Next year, production in Ohio is expected to rise to 100 million cells. At the same time, our battery module constraint is getting better, which helped us more than double the Ultium platform production in the third quarter compared to the second quarter. And we are now in the process of installing and testing our high-capacity module assembly lines, which will continue into the first part of next year.",,,,
S055,"If you look at gas drilling, it's in the few hundreds of millions of dollars of our capital program that is addressed towards gas drilling. And even that level of expenditure, given the more recent developments in natural gas pricing, is something that we're looking pretty closely at. So would a high single-digit decline rate be a fair number if you're spending essentially no capital on pure gas? That's probably a fair number, yes. Our next question comes from Blake Fernandez from Howard Weil. I know Arjun just kind of covered natural gas, but I had to question that in the past, I know during weak gas pricing periods, we've seen Conoco shut in production. I was curious if we're going to hear something on that front this morning. Is that in the cards here near term? Yes, that's a good question. Let me discuss gas production.",,,,
S056,"And I'll leave it there. And thanks, again, for all your help in the past. Thank you, Doug. There was a significant variation in earnings estimates, as anticipated, due to the volatile quarter. Additionally, we did not provide any guidance, so we weren't entirely surprised by this. I can highlight a few factors that would likely be challenging for others outside the company to assess. One key factor was the lower realizations I mentioned earlier, which had a cash impact, not just a non-cash one. I noted our market capture percentages compared to past quarters, estimating around a 15% per share impact, which we hope is temporary. Another unexpected factor was DD&A. Our DD&A fill significantly decreased this quarter due to lower production, but our DD&A rate rose a couple of dollars per BOE because of an adjustment we made anticipating declining reserves from lower prices.",,,,
S057,"Next, the Intelligent Cloud segment. Revenue was $17 billion, increasing 31% and 29% in constant currency ahead of expectations, driven by continued customer demand for our differentiated hybrid and Cloud offerings. Overall several products and Cloud services revenue increased 35% and 33% in constant currency. Azure and other Cloud services grew 50% and 48% in constant currency ahead of expectations, driven by our consumption-based services. The ARPU user business, enterprise mobility and security installed base grew 30% to over 196 billion seats. In our on-premises business, on a low prior-year comparable, revenue increased 14% and 13% in constant currency ahead of expectations. Strengthening our annuity business was driven by healthy demand for our hybrid offerings that include Windows Server and SQL Server running in multi-cloud environments and higher in-period revenue recognition, including a benefit from annuity purchasing ahead of the Windows Server 2022 launch. Enterprise Services revenue grew 9% and 8% in constant currency driven by growth in Microsoft consulting services and Enterprise Support Services. Technical gross margin dollars increased 28% to 26% in constant currency, and gross margin percentage decreased roughly 1 point, year-over-year. Excluding the impact of the change in accounting estimate, gross margin percentage increased roughly two points, driven by improvements in Azure, partially offset by sales mix shift to Azure.",,,,
S058,"Yes. So good question on the multifamily. And the short answer is that for us, it's pretty uncontroversially, no bleed-through. And the reason is that while there is, we do - we are aware of some of the pressure on multifamily that's in kind of different markets from the ones that we are actually big in. So it's higher-end stuff in much less supply-constrained markets that is under more pressure. And as you know, our multifamily portfolio is much more affordable, supply-constrained markets. And so the performance there remains really very robust. Got it. Thank you. Next, we'll go to the line of Erika Najarian from UBS.",,,,
S059,"I think we have to go back to the early 80s to see two years of back-to-back oil demand decline. So we had a modest decline globally last year. It’s projected that there’ll be another one this year. So managing out costs and staying focused on the long-term is clearly our objective here. And clearly we’re in a good position to do it because of our strong balance sheet and because we delivered during the good times so that we have that flexibility during the tougher times. The second item I think is the whole issue of carbon management over the next five years or so as the world tries to struggle with how to value carbon and how that affects the business. So I see those as two challenges over the next couple of years, one we’ve been through before a number of times and we’re used to it—the cyclical activity. But I think we’re moving into an area where we’ll be dealing with this new issue. And I don’t mean new in the European sense where we’re already managing it quite well, but I mean in a global sense as more and more countries sign up for carbon management and the impacts on business will clearly be there. And the people who manage successfully will do better than those that don’t.",,,,
S060,"Specifically, consumer revenue declined 23% driven by the weakness in the core PC market, a mix shift to lower price SKUs, and inventory reductions from Q1. From a product perspective, SharePoint, Office Communication Server, and CRM all grew at double-digit rates. We made significant progress against the product pipeline by releasing final versions of Exchange Online and SharePoint Online. In October at PDC, we demonstrated our Office 14 Web applications, which will enable the rich and familiar office experiences through the browser. Entertainment and devices division revenue grew 3% to $3.2 billion, a record 6 million consoles were sold in the quarter growing over 41%. In Europe, Xbox 360 sales nearly doubled those of the previous holiday season. Based on US NPD numbers released last week, Xbox 360 outsold PS3 two to one. We continue to lead the industry with our software attach ratio of 8.1. During the quarter, we also launched the new Xbox Experience, which has been received extremely well. This software update has given our customers a new upgraded experience that broadens its appeal and increases the value and durability of the platform to customers and Microsoft.",,,,
S061,"Our industry is undergoing transformation, from increasing customer and stakeholder expectations to rapid technology development and new public policy requirements. The companies that succeed in this dynamic environment are those who anticipate and adapt. We see great opportunity in this period of transformation. And our focus is highlighted on slide 6, investing in infrastructure, our customers value, and delivering sustainable growth for our investors. Slide 7 shows how that vision is manifested. We will invest in areas that position us well for this transformation; strengthening and modernizing our energy grid, generating cleaner energy through natural gas and renewables, and building natural gas infrastructure to support the growing need for this important resource, and by building on a foundation of customer satisfaction and stakeholder engagement. Everything we do begins with customer service, and we also understand that working collaboratively with our stakeholders is critical to our success. To paint a clearer picture of where we're going, we pulled back the lens and outlined on slide 8 our aspirations for the next 10 years. We will relentlessly pursue our goal of achieving and sustaining top quartile customer satisfaction, placing the customer at the center of everything we do. We will strengthen our energy delivery system, investing $25 billion to create a more modern, smarter energy grid.",,,,
S062,"The team at Worley has been key to being able to adapt on the fly in engineering and procurement. In fact, Chris Ashton, the Worley CEO was at the site to meet with his team recently and show support for the project. Overall, the teams are working incredibly well together as the project is on schedule. And then I'll just follow up with your question about the election results and the impact that will have. I think the election of our next President is going to be very positive for our industry, especially for this, our direct air capture. The reality is that I believe he understands better than anybody our need for energy independence here in the United States. He understands the industry. He understands how it plays in geopolitical politics. He knows what we're trying to accomplish and what we're doing. And he also understands the part that our direct air capture will play in helping with that energy independence and security.",,,,
S063,"Our position across the full Western Canada crude value chain is similar to the Permian, with strong Upstream and Downstream positions that facilitate development of a valuable midstream logistics position that ensures we capture the full value of Western Canada crude, even with a large WTI/WCS differential. When I say we and our on this slide, I'm including Imperial Oil Limited. All the assets in Western Canada are fully or partially owned by Imperial Oil, and they're operating everything up there. Our Upstream position is comprised primarily of interests in Cold Lake, Syncrude, and Kearl. This production is processed at the Strathcona and Sarnia refineries in Canada; our Midwest Joliet and Billings refineries; and all three of our U.S. Gulf Coast integrated facilities, all with heavy oil processing capabilities. During the early days of bringing Kearl on stream, we invested in a 210,000 barrel a day capacity rail terminal in Edmonton to allow efficient unit rail transportation to the Midwest and U.S. Gulf Coast in case Canadian production growth out-ramped pipeline capacity. Utilization of this terminal is increasing rapidly in the current pipeline constrained environment, which provides another transportation option down to the Midwest and Gulf Coast refineries, in addition to our committed pipeline capacity. Today, we're running about 100,000 barrels a day through this terminal; that should grow to about 170,000 barrels a day by the first quarter of next year. Our Downstr",,,,
S064,"That was a contractual matter between ourselves and PDVSA, and had to do with indemnity that they provided to us for discriminatory actions that the Venezuelans took when they expropriated our assets. And so, the limitation on that indemnity was spelled out in the contract in a formula basically. And that formula had caps on it. So, we knew that that award was always going to be capped and really only would represent a partial compensation for our total losses. Now we move to the other claim that we have, which is not against PDVSA but against the government of Venezuela, and that's the one that's being heard at ICSID. And that process – there is no cap involved in there, and we expect that that result, which we hope to receive notice of an award later this year, that that will represent a full compensation for our value loss. All right. Okay. Great. Thanks a lot guys.",,,,
S065,"We believe these projects offer attractive returns underpinned by advantaged feedstocks, world-class scale, and leading technology. Also in the quarter, we closed the sale of our interest in Denmark and executed an agreement to sell our U.K. Central North Sea fields, which we expect to close later this year. Additionally, we completed our acquisition of the Pasadena refinery which will enable us to supply more of our retail market in the region and process more domestic light oil. In the renewable space, we recently agreed to purchase wind power to supply our Permian operations. This is a cost-effective renewable energy alternative to our current electricity supply in the Permian. Also, Chevron executed an agreement to be an equity partner in CalBioGas, a joint venture to produce end market dairy biomethane as a vehicle fuel in California. The project will capture methane that otherwise would be vented into the atmosphere and process it into renewable natural gas. Turning to slide 15. Our performance this quarter reinforces four key messages you've heard from us in the past. First, we have an advantaged portfolio that is delivering today and is positioned to do so over the long-term as Jay highlighted in the Permian Gulf of Mexico and at Tengiz.",,,,
S066,"I think your book’s down 15% or so year on year, and it’s less than 10% of the overall ballot sheet. But is that a correct way to think about it, that that focus is going to start impacting the repo market? And I’m just curious if you could talk about, for your book, what is balance sheet financing versus real customer financing. ...So it will make you optimize differently, but I think in reality the way to look at it is we’ll be able to adjust to it. We’ll probably be able to do it by client. We’re going to get to the ratio we need to get to, and we want to do it without disrupting all of our clients. So we’ll be able to give you a lot more detail on that when we know the final rules. And remember, there is still the possibility that there will be changes made to reflect, I think, the FIN 41, which you’re talking about, which I think would be positive, clearly positive, to the repo market. Shifting gears, just a quickie, I saw the guidance is for flat net interest income dollars. Your loan growth was 1% or 2% quarter on quarter, year on year.",,,,
S067,"If you look at the bottom of the slide, you can see that U.S. adjusted earnings declined compared to the fourth quarter last year, largely driven by lower sales volumes, which were partially offset by higher liquids prices. Our overall realized prices for the key commodity prices were higher than in the fourth quarter of last year. Moving on to Slide 8, let's talk about E&P unit metrics. Our fourth quarter E&P income and cash contribution BOE metrics were better than a year ago and improved from the third quarter, reflecting the rise in realized commodity prices. Over the last three years, we have reduced our exposure to natural gas in Canada and Lower 48. In 2008, Lower 48 and Canadian gas comprised 28% of our total E&P production. In 2010, this was down to 26%. Given our view that North America natural gas prices will remain subdued in the near term, we expect to continue to shift our exposure to North America liquids plays. Moving to Slide 9, we will discuss R&M adjusted earnings. Our Refining & Marketing adjusted earnings improved significantly over the same quarter last year.",,,,
S068,"As we observe business growth in these areas and a heightened demand for legitimate PCs, we are also making good progress in reducing piracy, which is positively impacting our overall OEM unit performance. Great. Thanks a lot. Thanks a lot, Kash. We have time for one, maybe two more questions, please. Our next question comes from Kirk Materne with Banc of America. Thanks very much. Chris, I might be jumping ahead a little bit here, but clearly you guys haven’t seen any slowdown in terms of demand around either SQL Server or Windows Server 2008 in front of those launches. What is your expectation in terms of the impact of those launches on the growth rates? Do you think that we’ll see demand come in at a steady pace?",,,,
S069,"Power ranked Piedmont number one in residential customer satisfaction for natural gas services in the Southeast. And our Carolinas electric utilities continue to achieve strong results as well, remaining in the top quartile. Moving to Slide 6, we start the year entering the next phase of our energy transition, a period of execution and record infrastructure build to meet the evolving energy needs of our customers and communities. We're working with stakeholders to develop resource plans to support the phenomenal growth in our communities. In the Carolinas, demand is already outpacing the forecast used in our August resource plan filings and we filed supplemental portfolios in January. We're committed to meeting this growth with a diverse and increasingly clean energy mix that includes renewables, natural gas, next-generation nuclear and storage resources, as well as energy efficiency and demand response tools. We're also taking steps to build new generation in North Carolina; we'll file CPCNs for over two gigawatts of new natural gas generation in 2024. We'll continue to advance annual solar procurements targeting one gigawatt per year. And in Indiana, we'll file CPCNs for new generation resources around midyear. These new facilities will add to our diverse mix of resources and are critical to meeting growing customer demand as we reliably exit coal by 2035.",,,,
S070,"Do you have increased appetite to keep a higher working interest given the success in the area? I think it's more likely we'd start drilling there in maybe 2015 rather than 2014. We've got new, high-quality seismic across that acreage and expect to see very promising prospects. Until we're ready to start a drilling program, we will consider whether to farm down beforehand. We haven't made that decision yet but we're excited about that acreage. Secondly, on the natural gas side, ConocoPhillips historically has had leverage to U.S. natural gas. Given current prices, is there a price at which you would begin to increase activity in gas-focused assets — say $5 per Mcf — where you'd redeploy capital? We have a lot of transactional optionality on gas, but we're focusing investment on liquids-rich assets right now. We get associated gas with liquids production which benefits from gas prices. I wouldn't expect us to redirect capital into gas-focused assets until prices are significantly higher and sustained.",,,,
S071,"Wondering if you can just speculate on how many orders you're kind of thinking about for 2011 out of BCA? And then how are your conversations with customers going? Are you seeing more discussions with the domestic carriers, looking to recapitalize their fleet? I think the discussion level is about the same as it was this year, which is higher than we thought going into this year. Now, whether that converts to orders that are the same, a little less, a little more, it's really hard to know. I think we tend to approach this pretty conservatively and we'd rather be surprised. But the level of discussions are still high, and what gets converted remains to be seen. But it could be up, could be down, but we'll have to see. But kind of in line with orders, maybe plus or minus some for 2010 though, or kind of more in line with deliveries, do you think? I really don't know, and if I did, I would share that information.",,,,
S072,"Your next question comes from Paul Sankey with Deutsche Bank. Going back to the cash use sums, if I look at your numbers, we're about $18 billion of cash flow from operations next year. You said there's a higher $13 billion CapEx, giving me $5 billion to spare. I've then got around $4 billion of disposals, which gives me $9 billion. And you've got $8 billion in cash, approximately equating to $17 billion spare. But your guidance is only for $6 billion of buyback next year. This is what you're saying in terms of planning opportunities related to the potential for bigger acquisitions. I think you've guided towards $2 billion potentially to be spent in the Gulf of Mexico. Is there a risk here that we get back on the acquisition path to regenerate the organic opportunities there or are you really lowballing this buyback number? Well, Paul, you make a good point.",,,,
S073,"Our primary challenge became that we do not yet have a clear answer on the architecture of a production system that would incorporate new product technologies available to us and could ramp up quickly with acceptable cost and risk profiles to 50 or 60 airplanes per month by the end of the decade, which is the range of demand we anticipate in that time frame. Also in recent months, a broader customer view has emerged in support of the greater certainty of gaining significant incremental improvement in a re-engined 737 in the near to midterm over the more perfect solution which may be available further down the road. It has always been our view that if it looked like we are putting meaningful market share at risk by waiting to do a new airplane, we would re-engine instead. That combined with our new engine technical production assessment against lead time for new engine decision led us to the judgment that we have made. We are confident that our re-engined 737 will maintain the value proposition we have in the marketplace today and we expect to see strong demand for this product. It will be the most fuel-efficient airplane in its segment and have the lowest operating cost, while also meeting customer needs for range, payload, standardization, reliability and fleet compatibility. Over the next several weeks, we will continue our work to finalize the configuration and other details in anticipation of a launch this fall pending board approval. Turning to Defense, Space & Security.",,,,
S074,"Last quarter, we announced the launch of Office 365, the latest version of our cloud-based productivity platform. We are thrilled with the early results. In the first 10 weeks of Office 365 availability, the number of new customers exceeded what took us over 2 years to build with the first version of our business productivity online service. Also, we've seen Office 365 customers buy more products and drive new revenue streams. For example, when we've won a competitive bid in the enterprise for messaging and email, 80% of the new customers have bought SharePoint and Lync, in addition to Exchange. And historically, small businesses have only bought Office. But today with Office 365, 80% of the time, we've seen them buy the bundle of SharePoint, Lync, and Exchange. Now let's move on to Server & Tools, which posted 10% revenue growth and grew faster than the server market. Our multiyear license revenue continued to perform well and grew double digits this quarter. Enterprise Services revenue was up 17%.",,,,
S075,"If you could turn to Slide 19, I'll try to wrap up a little bit. I think the takeaway that we'd like to have for you all for today's call is that the business is running well, and our plans are on track. The spinoff of Phillips 66 was a big milestone for the company, and it successfully launched ConocoPhilips as an independent E&P company. Operationally, we had a strong quarter, and that part of the business is delivering on our expectations. Certainly, our focus will remain on returning value to the shareholders through our dividends, and by executing on our major projects, our exploration programs and our asset sales. The asset sales are important because they generate proceeds that help fund our high return growth projects. We certainly will keep a close watch on the macro environment and we believe the investments that we're making today are going to position the company to deliver on our long-term value proposition of 3% to 5% growth in production and margins, with improving absolute financial returns and combining a sector-leading yield. So that wraps up our summary that we had today, and I look forward to the questions from the audience. At this time, we have a question from Faisel Khan from Citi. On Slide 5, I think you mentioned in your prepared remarks the amount of cash flow you expect to generate from operations under consensus estimates.",,,,
S076,"We are now excavating ash at three sites in the Carolinas. In June, we announced recommendations to fully excavate 12 additional ash basins in North Carolina, bringing the total ash in the Carolinas we have slated for excavation to about 30%. The remaining ash basins are being further studied to determine appropriate closure methods. We are pursuing solutions that balance safety, environmental stewardship and cost effectiveness. Given our efforts over the past year, we are ahead of the curve in adapting to changing regulations our industry faces with ash management. On the subject of environmental rules, on Monday, the U.S. EPA finalized a Clean Power Plan, a regulation aimed at reducing carbon emissions from existing power plants by 32% by 2030. The guidelines issued this week are more than 1,500 pages long and among the more complex rules in recent history. This rule sets state specific reduction targets and builds upon the substantial progress we have already made to reduce our environmental footprint. Since 2005, we have reduced our total carbon dioxide emissions by 22% through the retirement of older coal units, the transition to cleaner burning natural gas, as well as investments in renewables and energy efficiency. Our plans continue to move us toward a lower carbon future.",,,,
S077,"And now a brief recap of our strategic progress in recent months. Please turn to slide 12. Jim touched on the Moho Bilondo deepwater project in the Republic of the Congo. We confirmed start-up ahead of schedule of this 31% owned partner-operated project. It is expected to reach maximum total crude oil production of 90,000 barrels per day in 2010. With our partners, we made the final investment decision to construct Platong Gas II natural gas project in Thailand. The $3.1 billion project will add 420 million cubic feet a day of processing capacity. Chevron is the operator and holds a 70% interest. Start-up is anticipated in 2011. We began front-end engineering and design work to develop an LNG project at our 100% owned Wheatstone discovery in Australia.",,,,
S078,"It's personal to us. We want their lives to be the best that they can be at home and at work. This will enable them to be engaged and ready to deliver the best possible value to our shareholders as they have done in a significant way during this downturn. And in the areas where we operate, we want to ensure that we have a positive impact and can find ways that improve the quality of life in the community. Lastly, but equally as important, is our commitment to use our unique skills and assets to lead carbon capture use in sequestration or CCUS, starting in the United States and ultimately in other parts of the world. Along with many other initiatives, CCUS is necessary to limit the impact of climate change. With our CO2 Enhanced Oil Recovery expertise and projects in the Permian, we believe we can lead the effort to capture current CO2 emissions from industrial sources to use in sequestering in our Permian reservoirs. This will benefit the climate and our shareholders. As we have previously mentioned, we now have a low carbon team whose mission is to seek opportunities to innovatively reduce our carbon footprint in ways that also improve our operations and thus are expandable and sustainable. Our comprehensive strategy addresses all the factors that make a company great and sustainable.",,,,
S079,"One is looking at the cash flow statement there is an unusual deduction in current liability, and I was wondering if you could offer some perspective on that. Secondly, at a very high level, just doing some rough back of the envelope math here. Your revenue guidance now compared to where it was three months back is about 300 basis points lower and when I flow through that incremental impact at a 70%, 75% contribution margin, which is what I would expect given that most of your core business products are at that margin. I would expect that a lot of that negative impact to earnings can be offset through your share buybacks and even if you slowed down your pace of share buybacks to let's say $3 billion to $4 billion per quarter for the next three quarters. I would imagine the EPS impact, the negative EPS impact should be largely offset, yet we do have cautious guidance. You should completely understand and appreciate, given the economic environment. But I just wonder as I go through this tradeoff, if there is a little bit more cautiousness that is built in than what meets the eye. That's it. Thanks. Okay.",,,,
S080,"Brian, one just bookkeeping question and then one question on defense margins. On the more bookkeeping one, the services business is posting some pretty good margins here, and you’re noting mix. I’m just wondering when you – if you could just talk a little bit about when you kind of go back to more normalized margins in that business based on what you’re seeing in your inventory mix there. And then on the defense, you’ve historically talked about 60% doing pretty well, 15% of these development programs and then 25% some legacy programs. That’s how you’ve talked about the margins in that business. Can you confirm that 60%, 15%, 25% is still the right mix of things? And then kind of what’s based or what’s in your assumptions on getting back to that high-single digit rate in that '25-26 timeframe in those three buckets? Sure. So let’s take services. Yes, they just had an excellent quarter.",,,,
S081,"And your next question will come from the line of Rudy Tolentino with Morgan Stanley. Hi, given the relatively low cost of natural gas prices and relatively high cost of coal, are you changing the way you're dispatching the system? Are you increasing your gas dispatch versus coal? We're not changing the way we dispatch. We dispatch every day on the basis of cheap is the most expensive. So when gas prices are better than coal prices, we would dispatch gas as opposed to coal and we've seen some of that juxtaposition in the normal dispatching sequence that we experienced in the last few months. You have been dispatching your gas plants more just due to low gas prices? In some cases, yes. As we formulate our daily dispatch, it's based on economics, so we put in the cost of gas versus coal and that stacks up the system in terms of what units go first. As you know, nuclear goes first and our low-cost PRB units go next and then it evaluates the higher-cost coal units versus gas.",,,,
S082,"Our shareholders can rely on the dividend, which has been increasing for 36 consecutive years at a rate of 6% annually over the past 15 years. As we anticipate the upcoming cycle, we plan to return additional cash steadily, currently around 5% of our outstanding shares through buybacks. This is part of our strategy to manage volatility for our shareholders. Regarding M&A, we typically prefer to use equity due to the volatility in commodity prices, as it leads to more stable deal structures. Our balance sheet will remain robust enough to navigate commodity price fluctuations and ensure we are positioned to act as necessary. It's worth noting that we were the first to announce a transaction post-COVID with our acquisition of Noble Energy, followed by our acquisition of Renewable Energy Group a year later. Thank you, Sam. Thank you. We'll take our next question from John Royall with JPMorgan. Hi, good morning.",,,,
S083,"Earlier this month, following the approval from the California Public Utilities Commission, NextEra Energy Transmission acquired Trans Bay Cable, a 53-mile rate-regulated high-voltage direct current underwater transmission cable system, which provides approximately 40% of San Francisco’s daily electrical power needs. We are pleased to close the acquisition and further expand our rate-regulated and long-term contract business operations as we advance our goal of creating America’s leading competitive transmission company. The financial expectations, which we have extended through 2022 last month, remain unchanged. For 2019, we would be disappointed if we do not realize adjusted EPS growth at the top end of our 6% to 8% growth rate off of 2018 base of $7.70 per share, which, if achieved, would result in adjusted EPS of $8.32 per share. While we are pleased with our year-to-date results, which have exceeded the top end of our growth rate expectations, we expect the second half growth rate to be lower due to a number of factors. These factors include a number of liability management activities we are currently reviewing to take advantage of the low interest rate environment as well as the financing breakage impacts associated with several wind repowerings. Both of these initiatives would generate modest net income impacts in 2019 before translating to favorable net income contributions in future years and an overall improvement in net present value for our shareholders. We will u",,,,
S084,"So all in all, the first quarter was very strong operationally, financially, and strategically. Now I’m going to turn to Slide 5 for a discussion on earnings. First quarter adjusted earnings of $2.3 billion were up 29% compared to last year’s first quarter and up 30% sequentially. Adjusted EPS of $1.81 was higher than consensus. About a dime of the difference, roughly $100 million, was due to North American natural gas price realizations that were stronger than indicated by changes in market prices. Another dime, or about another $100 million, was due to gains from the marketing of third-party natural gas during the quarter. As a reminder, we have a strong commercial gas marketing organization that markets both equity and third-party gas in North America. Given the high volatility in the first quarter gas prices, our commercial team was able to capture some benefit by supplying both equity and third-party gas into premium markets. This benefit from our third-party activities is not necessarily repeatable but speaks to our strong marketing capability. First quarter segment earnings are shown in the lower right side of this chart.",,,,
S085,"This quarter's higher RWA is largely due to seasonal effects, including higher client activity in Markets and higher risk weights on deferred tax assets, partially offset by lower Card loans. Now let's go to our businesses, starting with CCB on Page 4. Consumers remain financially healthy, supported by a resilient labor market. While cash buffers have largely normalized, balances were still above pre-pandemic levels, and wages are keeping pace with inflation. When looking at a stable cohort of customers, overall spend is in line with the prior year. Turning now to the financial results excluding First Republic. CCB reported net income of $4.4 billion on revenue of $16.6 billion, which was an increase of 1% year-on-year. In Banking & Wealth Management, revenue decreased by 4% year-on-year, largely due to lower net interest income from reduced deposits, with average balances down 7% as our certificate of deposit mix increased. Client investment assets rose by 25% year-on-year, driven by market performance and strong net inflows. In Home Lending, revenue increased by 10% year-on-year, primarily due to higher net interest income and production revenue.",,,,
S086,"Energy & Transportation sales, including inter-segment sales, were up about $600 million or 16% in the quarter to $4.8 billion. Sales were higher across all applications. New engines and aftermarket sales for industrial applications increased in all regions to support higher equipment demand across several industrial customers' end markets. In oil and gas, demand for aftermarket parts to support well servicing applications increased in the quarter. In addition, the build-out of North American natural gas infrastructure, combined with new wells that have had a higher concentration of natural gas than previous wells, continued to drive strong demand in midstream gas compression. Sales into power generation were up, largely due to the timing of projects in North America and EAME. Transportation sales were also up, as rail services demand increased to support higher North America rail traffic in the quarter. Segment profit for Energy & Transportation was up $178 million from $572 million to $750 million. This was largely attributable to higher sales volume and a favorable impact from cost absorption, as inventories increased in the third quarter of this year to support higher production levels and were flat last year. Period costs increased in the quarter, primarily driven by higher short-term incentive compensation.",,,,
S087,"At Florida Power & Light, earnings per share increased $0.08 from the prior year comparable quarter. Strong growth was driven by continued investment in the business to maintain our best-in-class customer value proposition of clean energy, low bills, high reliability and outstanding customer service. We earned a regulatory ROE of approximately 11.5%, and average regulatory capital employed grew roughly 9.8% over the same quarter last year. All of our major capital initiatives remain on track, including the 1,750 megawatt Okeechobee Clean Energy Center and construction of the eight 74.5 megawatt solar energy centers that are currently being built under the solar base rate adjustment or SoBRA mechanism of the rate case settlement agreement. We were also pleased that the Florida Public Service Commission approved the settlement agreement with the Office of Public Counsel for the early phase-out of the St. Johns River Power Park helping to further reduce costs for FPL customers and lower emissions for Florida residents. At Energy Resources, adjusted EPS increased by roughly 3% year-over-year as contributions from new investments more than offset a negative contribution from our existing assets as a result of poor fleet-wide wind resource, which was the lowest on record for the months of July through September over the past 30 years. Following the success of recent quarters, it was another excellent period of new project origination. Since the last call, our development organizati",,,,
S088,"Please go ahead. Your line is open. Hey, thanks, operator. Good morning, everyone. I guess I have a question about just as we kind of look into the back half of the year and looking at organic sales, the implied organic sales guidance, which I guess is in the kind of the 5 to 6% range in the back half of the year. Maybe James and John, can you just talk a little bit about how maybe the just the macro environment or you know the operating conditions are today versus what you were thinking at the start of the year? And given that there's, you know, more of these markets where countries where hyperinflation is an issue, is price a little bit more of a driver in terms of the organic sales comp in the back half of the year relative to volume again versus kind of what you were thinking at the start of the year? Good morning, Bryan. Let me clarify that for you. The main point is that we've observed a higher level of pricing in the second quarter and the second half of the year than we initially anticipated, particularly in countries experiencing high and persistent inflation over 20%.",,,,
S089,"We are focused in the places where you know the bang is the biggest; it’s with the dealers that have the most opportunity. We’re very excited about you know taking on this business. But at this point, we don’t really have any deals to announce and until we do we’ll probably be a little more silent on the specifics surrounding. So, you know I think all in all so far, so good on Bucyrus. We did not change our estimates for this year in terms of the overall impact and so you know, I would say that’s a good thing. Thanks, guys. Thank you. The next question is coming from Ted Grace. Please announce your affiliation then pose your question. Susquehanna.",,,,
S090,"We ended the third quarter with $12.2 billion in cash and liquid investments, up from $10.5 billion at the end of the second quarter reflecting strong order flow and solid working capital performance. Total consolidated debt declined modestly for the quarter. Our credit rating and quality remains very strong and we continue to earn credit ratings that are at the top of our industry. Now let's move to cash flow on slide eight. We generated $3.3 billion of operating cash flow in this period, another outstanding quarter for cash performance. Strong net income and order momentum combined with effective working capital management drove these results. We continued our balanced cash deployment strategy as we invested in organic growth programs while paying our quarterly dividends. We also stepped up the pace of share repurchase during the quarter by investing $905 million to buy back over 9 million shares. For the first nine months, we have repurchased 19.6 million shares for $1.9 billion. We completed our pension year at the end of September.",,,,
S091,"Fourth quarter 2014 earnings were approximately $1.5 billion lower than fourth quarter 2013 results. Upstream earnings decreased to $2.2 billion between quarters. Lower crude realizations and asset impairments driven by the sharp decline in crude oil prices during the second half of the year, and higher DD&A charges were partially offset by higher gains on asset sales and lower exploration expenses. Downstream results increased by $1.1 billion driven by stronger international refining and marketing margins, higher gains on asset sales, and favorable timing effects. The decrease in the other segment primarily reflected higher corporate charges and tax items. Turning to Slide 7, I'll now compare results for the fourth quarter of 2014 with the third quarter of 2014. Fourth quarter earnings were $2.1 billion lower than third quarter results. Upstream earnings decreased by approximately $2 billion reflecting lower realizations and asset impairments, partially offset by higher gains on asset sales and more favorable foreign exchange effects. Downstream earnings increased by $130 million driven by favorable timing effects and gains on asset sales, partially offset by higher operating expenses and a one-time economic buyout of a legacy pension obligation. The decrease in the other segment largely reflected higher corporate charges.",,,,
S092,"We have more data center regions than any other provider, delivering fast access to cloud services while meeting data resiliency requirements. We're extending our infrastructure to the 5G network edge, helping operators and enterprises create new business models and deliver ultra-low latency services closer to the end user. AT&T, for example, is bringing together its 5G network with our cloud services to help General Motors deliver next-generation connected vehicle solutions to drivers. Our Azure Arc customer base has tripled year-over-year. We are now helping thousands of organizations from BP to Rabobank unify their on-premise, hybrid, and multi-cloud infrastructure. As the digital and physical worlds come together, we are seeing real enterprise metaverse usage, from smart factories to smart buildings to smart cities; we are helping organizations use the combination of Azure IoT, Digital Twins, and Mesh to help digitize people, places, and things in order to visualize, simulate, and analyze any business process. Ecolab, for example, is using these tools to build its own platform to model and optimize water management. Across Azure, we are seeing growing adoption across every sector. CVS Health, Johnson & Johnson Medical Devices, Kyndryl, and Wells Fargo all chose our cloud as their preferred provider this quarter. Now on to data.",,,,
S093,"United Arab Emirates: Oxy’s initial experience in the UAE was as a partner in offshore exploration during the 1960s. More recently Oxy has had a presence in the UAE since 2000. Since then our Abu Dhabi office has developed into a regional hub supporting our Middle East assets with engineering, geoscience, business development, operations, supply chain and finance resources. During this time the Dolphin midstream infrastructure has continued to expand and the pipeline system now extends approximately 475 miles throughout the UAE and into Oman. The Al Hosn gas project where we’re partnering with the Abu Dhabi National Oil Company (ADNOC), involves the development of the Shah Sara gas field in the western region of Abu Dhabi. Production from the field contains natural gas and condensate along with high concentrations of hydrogen sulfide and carbon dioxide. A large processing plant is currently under construction with an average 34,000 workers at the site; this is a world-scale mega project with the involvement of major engineering, construction and manufacturing companies from around the world. It remains on schedule and on budget. When completed the plant will be able to process about 1 billion cubic feet a day of gas from the field and then separate it into sales gas, condensate, natural gas liquids and sulfur. Oxy’s mid-share production is expected to be over 200 million cubic feet a day of sales gas and more than 20,000 barrels of NGLs and condensate.",,,,
S094,"If it would be, it sounds like maybe you would only be up about $1.2 billion, $1.3 billion on the year. I just wanted to get a sense of the cadence of structural costs in 2012. Yes, Itay, this is Bob. It's a good question. As you'll recall that we've guided the full year to be somewhat less than $2 billion, and we think we're still on track to that. Most of that is to support higher volume and to support investments in growth, both for this year and in the forward years. It's going to be pretty much across all the business units. I think it's pretty light this quarter in terms of what we're seeing because we've got a lot of product launches coming, capacity launches coming, continued investment in engineering for products that will come beyond this year. So I think we're still comfortable with the guidance that we've given, so you'll see increases in the quarters coming ahead. Great.",,,,
S095,"Yes, Brian, the reason for the shift into New Mexico is really grounded in our capital intensity calculations. New Mexico, because of the stacked pay and very good stacked pay, is not like we have a primary bench and then three or four secondaries. There are three or four primary benches that compete very well and give very high returns, and so it’s that nature that drives us toward more activity in New Mexico. The Texas Delaware and Midland Basins are second-tier in comparison; those two aren’t that different but they just have different production profiles with the wells as we drill and that’s why we're more dominated with our activity on the Delaware side. The risks of drilling around vertical wells: a lot of the areas we're developing are not historical vertical development or they were done in a way that you still have a lot of room between those vertical wells so you don't have collision issues. A lot of our New Mexico development that we're going to is clean acreage with very little historical development; if it was, it was in shallower reservoirs. You’ve got to remember, we've been in the Permian for a long time with 25,000 wells, a lot of experience dealing with both vertical and now horizontal activity. We're doing more horizontal activity in our legacy EOR properties and on the central basin platform. So, it's something very manageable for us and I think the properties that we set themselves up well for continued horizontal development. Thanks, and then on the tech",,,,
S096,"As we look at the technologies that are transforming our industry, our commitment to leading in this transformation and the future of personal mobility includes making game-changing technologies available to as many customers as possible. We are excited that the Chevrolet Bolt EV, the first affordable long-range electric vehicle, goes on sale nationwide August 1 at certified Chevrolet dealerships. More than 80% of Bolt EV customers have not previously owned a Chevrolet. Chevrolet has sold nearly 8,200 Bolt EVs since they went on sale in December of 2016. Our Cruise Automation team in San Francisco and our technical experts in Warren are making significant progress in our drive to safely deploy our self-driving electric vehicles in commercial ridesharing networks. Last month, GM became the first company to use mass production methods to build 130 autonomous vehicles, growing our test fleet to 180. We plan to deploy these vehicles in the challenging driving environment of San Francisco, as well as Scottsdale, Arizona, and Metro Detroit where we are already testing our vehicles today. In addition, technologies like Super Cruise are helping us create a safer future. As we prepare for the fall introduction of Super Cruise on the 2018 Cadillac CT6, GM engineers have logged roughly 160,000 miles of driving on U.S. and Canadian highways as part of the final validation of the system. And when it comes to shared mobility, we keep refining Maven to meet customers' needs as we learn more",,,,
S097,"The turnaround involves more than 6,000 workers. It includes normal inspections and repairs of equipment to maintain mechanical reliability and integrity. We will also take the opportunity to make improvements that are expected to slightly increase production capacity over the next few years. Next, we had commissioning delays at Angola LNG. We originally planned to start up in the second quarter. Commissioning activities are underway, and we've completed LNG berthing trials and LNG tankers are available for third-quarter cargoes. We are currently expecting the first cargo in September. Also influencing our production this year, and I mean in a positive way, are several MCPs that started up early relative to our plan. We have been pleased with their performance. Currently, we're performing at 98% of our initial guidance.",,,,
S098,"Third quarter will probably be pretty stable, and then we will come down in the fourth quarter. We should be down year-over-year, but don’t take away from the first quarter. That is going to go down in the second and third, but it will go down in the fourth. Could you answer the last question on where you oversold on the 737? I maybe missed the answer. It is hard to say exactly, but I think we have more oversold positions out in the ‘11 timeframe. We’re probably on balance in 2010 at this stage. Okay, and my question would be on the defense side, it seems like Gates’ comments really could call into question the future of C-17, FCS, G&D, and F-22, but you did mention that you are trying to increase International Defense opportunities and even kind of go into some adjacent markets. Can you maybe say how these headwinds really could materialize and then also kind of what areas are you targeting in the International Defense and some of these adjacent markets to offset that? First, I have a quick comment on the defense budget.",,,,
S099,"With residential bills nearly 30% below the national average and the lowest among all of the Florida utilities, FPL's focus continues to be on finding smart investments to lower costs, improve reliability, and provide clean energy solutions for the benefit of our customers. At Energy Resources, increased contributions from new investments in our repowered wind projects, together with the lower federal income tax rate, helped drive growth of $0.12 per share for the quarter. Building upon the outstanding origination success with which we started the year, since our first quarter call, we added approximately 1,620 megawatts of renewables projects to our backlog, including 535 megawatts of additional wind repowering opportunities and 90 megawatts of battery storage projects. We were pleased to sign two additional solar-plus-storage projects, including the largest solar-plus-storage project announced in the U.S. to date, further signaling the success we're having in the next phase of renewables deployment that pairs low-cost wind and solar energy with a low-cost battery storage solution to provide a nearly firm generation resource. This quarter's origination success in both new and repowered projects is reflective of Energy Resources' ability to leverage its competitive advantages to capitalize on what we have previously characterized as the best renewables development period in our history. During the quarter, we announced proposed transactions that would expand NextEra Energy's ",,,,
